{
  "write_stats": {
    "count": 1000,
    "ok": 311,
    "total_time_ms": 49935.573146969546,
    "mean_ms": 34875.15774099628,
    "median_ms": 35865.892904490465,
    "p95_ms": 48938.14687881967
  },
  "recall_status": 0,
  "recall": {
    "error": "TypeError(\"'coroutine' object does not support the asynchronous context manager protocol\")"
  }
}