{
  "runs": [
    {
      "dim": 2048,
      "dtype": "<class 'numpy.float32'>",
      "zeroed_fraction": {
        "gaussian_linear": 0.0,
        "gaussian_sqrt": 0.0,
        "sparse_linear": 0.0,
        "sparse_sqrt": 0.0
      },
      "unbind": {
        "linear": {
          "mse_mean": 3.640611334819614e-09,
          "mse_std": 2.4305252766315517e-08,
          "cos_mean": 0.9999962851271323,
          "cos_std": 2.489015867330616e-05,
          "elapsed_s": 0.5903646829974605
        },
        "sqrt": {
          "mse_mean": 3.640611334819614e-09,
          "mse_std": 2.4305252766315517e-08,
          "cos_mean": 0.9999962851271323,
          "cos_std": 2.489015867330616e-05,
          "elapsed_s": 0.20446644500043476
        }
      }
    },
    {
      "dim": 2048,
      "dtype": "<class 'numpy.float64'>",
      "zeroed_fraction": {
        "gaussian_linear": 0.0,
        "gaussian_sqrt": 0.0,
        "sparse_linear": 0.0,
        "sparse_sqrt": 0.0
      },
      "unbind": {
        "linear": {
          "mse_mean": 4.425451014028683e-10,
          "mse_std": 3.510725103751626e-09,
          "cos_mean": 0.999999546832816,
          "cos_std": 3.5949825062323997e-06,
          "elapsed_s": 0.21110947000124725
        },
        "sqrt": {
          "mse_mean": 4.425451014028683e-10,
          "mse_std": 3.510725103751626e-09,
          "cos_mean": 0.999999546832816,
          "cos_std": 3.5949825062323997e-06,
          "elapsed_s": 0.1959437629993772
        }
      }
    },
    {
      "dim": 8192,
      "dtype": "<class 'numpy.float32'>",
      "zeroed_fraction": {
        "gaussian_linear": 0.0,
        "gaussian_sqrt": 0.0,
        "sparse_linear": 0.0,
        "sparse_sqrt": 0.0
      },
      "unbind": {
        "linear": {
          "mse_mean": 1.2123678151602906e-09,
          "mse_std": 2.6479331222468176e-09,
          "cos_mean": 0.9999950445671205,
          "cos_std": 1.0847198991770666e-05,
          "elapsed_s": 0.08029093100049067
        },
        "sqrt": {
          "mse_mean": 1.2123678151602906e-09,
          "mse_std": 2.6479331222468176e-09,
          "cos_mean": 0.9999950445671205,
          "cos_std": 1.0847198991770666e-05,
          "elapsed_s": 0.07865061199845513
        }
      }
    },
    {
      "dim": 8192,
      "dtype": "<class 'numpy.float64'>",
      "zeroed_fraction": {
        "gaussian_linear": 0.0,
        "gaussian_sqrt": 0.0,
        "sparse_linear": 0.0,
        "sparse_sqrt": 0.0
      },
      "unbind": {
        "linear": {
          "mse_mean": 7.653128743071e-11,
          "mse_std": 2.9612359754897954e-10,
          "cos_mean": 0.9999996865268468,
          "cos_std": 1.2129222555114972e-06,
          "elapsed_s": 0.07451645399851259
        },
        "sqrt": {
          "mse_mean": 7.653128743071e-11,
          "mse_std": 2.9612359754897954e-10,
          "cos_mean": 0.9999996865268468,
          "cos_std": 1.2129222555114972e-06,
          "elapsed_s": 0.07940594499814324
        }
      }
    }
  ],
  "meta": {
    "timestamp": 1757509322.776027
  }
}
