mode,p50_ms,p95_ms,p99_ms
unitary_exact,0.41857396718114614,0.6921850144863129,0.8045259746722877
gaussian_wiener,0.7525410037487745,1.117632957175374,1.312730018980801
gaussian_tikhonov,0.961187994107604,1.478139020036906,1.6820079763419926
