mode,k,dim,dtype,cos_mean,cos_p50,cos_p95,cos_mean_raw,cos_p50_raw,cos_p95_raw,cos_mean_clean,cos_p50_clean,cos_p95_clean
unitary_exact,1,8192,float32,1.0000000143403693,1.0000000001331166,1.000000059718441,,,,,,
unitary_exact,4,8192,float32,0.5003575538647016,0.5005861729676823,0.5130760683262264,,,,,,
unitary_exact,16,8192,float32,0.25203918147190785,0.25252721499222586,0.26820569657680576,,,,,,
gaussian_wiener,1,8192,float32,,,,0.9744991530551824,0.9745859854650101,0.9770426126497792,0.999999999999,0.9999999999989999,0.9999999999990001
gaussian_tikhonov,1,8192,float32,,,,0.9703632166778599,0.9704379039558872,0.9731476343823985,0.999999999999,0.9999999999989999,0.9999999999990001
gaussian_wiener,4,8192,float32,,,,0.4425594006951374,0.4412393274109469,0.4579899327576016,0.999999999999,0.9999999999989999,0.9999999999990001
gaussian_tikhonov,4,8192,float32,,,,0.3555838504359343,0.355747731766847,0.3706580488995307,0.999999999999,0.9999999999989999,0.9999999999990001
gaussian_wiener,16,8192,float32,,,,0.22226577029591854,0.2207491745485582,0.24014213907915416,0.9999999999989999,0.9999999999989999,0.9999999999990001
gaussian_tikhonov,16,8192,float32,,,,0.1700408002692506,0.16639972924156934,0.1904640915431318,0.9999999999989999,0.9999999999989999,0.9999999999990001
