mode,p50_ms,p95_ms,p99_ms
unitary_exact,0.13537699123844504,0.45792898163199425,0.5532799987122416
gaussian_wiener,0.13585900887846947,0.33577403519302607,0.6045540212653577
gaussian_tikhonov,0.15066599007695913,0.30063698068261147,0.5011549801565707
