mode,k,dim,dtype,cos_mean,cos_p50,cos_p95,cos_mean_raw,cos_p50_raw,cos_p95_raw,cos_mean_clean,cos_p50_clean,cos_p95_clean
unitary_exact,1,8192,float32,1.0000000596036482,1.0000000596036482,1.0000000596036482,,,,,,
unitary_exact,4,8192,float32,0.85413286183436,0.8538885813282145,0.8566801718846132,,,,,,
unitary_exact,16,8192,float32,0.8139724638749004,0.8141181400236596,0.8161036276191491,,,,,,
gaussian_wiener,1,8192,float32,,,,1.0000000596036518,1.0000000596036518,1.0000000596036518,1.0000000596036518,1.0000000596036518,1.0000000596036518
gaussian_tikhonov,1,8192,float32,,,,0.0064315850758571245,0.007171437067851652,0.01653518900273577,1.0000000596036518,1.0000000596036518,1.0000000596036518
gaussian_wiener,4,8192,float32,,,,0.7464961495523378,0.7461646208363174,0.7510300276200347,1.0000000596036518,1.0000000596036518,1.0000000596036518
gaussian_tikhonov,4,8192,float32,,,,0.011040294791573734,0.010208189164579981,0.0214325686652785,0.711611401034049,0.6406250763678196,1.0000000596036518
gaussian_wiener,16,8192,float32,,,,0.6679544641834253,0.6681263241158841,0.6727860754039532,0.9426758435568733,1.0000000596036518,1.0000000596036518
gaussian_tikhonov,16,8192,float32,,,,0.020035032629097914,0.020881542317938328,0.03139605560276085,0.6686035905597189,0.6411133576760268,1.0000000596036518
