mode,p50_ms,p95_ms,p99_ms
unitary_exact,1.251818990567699,2.448704995913431,3.046311001526192
gaussian_wiener,1.567623985465616,2.7048000192735344,3.6230630066711456
gaussian_tikhonov,1.5726829878985882,3.391987003851682,19.472048996249214
