mode,p50_ms,p95_ms,p99_ms
unitary_exact,0.22951498976908624,0.3244130057282746,0.4507709963945672
gaussian_wiener,0.22380899463314563,0.3587269893614575,0.4207279998809099
gaussian_tikhonov,0.22176500351633877,0.39805800770409405,0.515734005603008
