mode,p50_ms,p95_ms,p99_ms
unitary_exact,0.23319599858950824,0.412066001445055,0.5035150024923496
gaussian_wiener,0.23600200074724853,0.41241099825128913,0.48528899787925184
gaussian_tikhonov,0.2185480043408461,0.4657539975596592,0.670970999635756
