mode,k,dim,dtype,cos_mean,cos_p50,cos_p95,cos_mean_raw,cos_p50_raw,cos_p95_raw,cos_mean_clean,cos_p50_clean,cos_p95_clean
unitary_exact,1,8192,float32,1.0000000104854931,0.9999999955687812,1.000000056985116,,,,,,
unitary_exact,4,8192,float32,0.5003575526002885,0.5005861721025565,0.513076065184273,,,,,,
unitary_exact,16,8192,float32,0.25203918077678483,0.25252721535130884,0.2682056979578594,,,,,,
gaussian_wiener,1,8192,float32,,,,0.9744991538834604,0.9745859832216051,0.9770426114602214,0.999999999999,0.9999999999989999,0.9999999999990001
gaussian_tikhonov,1,8192,float32,,,,0.9703632241379763,0.970437840103833,0.9731476425071114,0.999999999999,0.9999999999989999,0.9999999999990001
gaussian_wiener,4,8192,float32,,,,0.44255939916986037,0.4412393268068846,0.45798993388356946,0.999999999999,0.9999999999989999,0.9999999999990001
gaussian_tikhonov,4,8192,float32,,,,0.35558385739894127,0.3557477330532934,0.3706580609353742,0.999999999999,0.9999999999989999,0.9999999999990001
gaussian_wiener,16,8192,float32,,,,0.22226577025098512,0.22074916930662572,0.2401421427241225,0.9999999999989999,0.9999999999989999,0.9999999999990001
gaussian_tikhonov,16,8192,float32,,,,0.17004080391061924,0.16639973796523766,0.19046409493103514,0.9999999999989999,0.9999999999989999,0.9999999999990001
