mode,p50_ms,p95_ms,p99_ms
unitary_exact,1.2157279998064041,3.3929919882211834,15.47913599642925
gaussian_wiener,1.2627370015252382,2.463267999701202,3.656760003650561
gaussian_tikhonov,1.03254898567684,2.1436800016090274,3.0157510191202164
