{
  "meta": {
    "n_docs": 20000,
    "n_topics": 10,
    "per_topic_queries": 5,
    "tenant": "rag20k"
  },
  "results": {
    "vector": {
      "recall@5": 0.5,
      "avg_latency_ms": 6.900708239118103
    },
    "lexical": {
      "recall@5": 1.0,
      "avg_latency_ms": 131.65242320101243
    },
    "hybrid": {
      "recall@5": 1.0,
      "avg_latency_ms": 139.05542246095138
    },
    "hybrid+ce": {
      "recall@5": 0.96,
      "avg_latency_ms": 154.90204685978824
    },
    "graph_after_persist": {
      "recall@5": 1.0,
      "avg_latency_ms": 15.771880399552174
    }
  }
}
