{
  "provenance": {
    "timestamp": "2025-10-19T05:59:40.014641+00:00",
    "python": "3.11.6",
    "platform": "macOS-15.6.1-x86_64-i386-64bit",
    "numpy": "1.26.4",
    "git_sha": "16f94cd9bdb48408d96c23a775f23e77a99d2188",
    "cwd": "/Users/macbookpro201916i964gb1tb/Documents/GitHub/somabrain",
    "executable": "/Users/macbookpro201916i964gb1tb/.pyenv/versions/3.11.6/bin/python",
    "phase": "extended_snr_capacity",
    "D_list": [
      512
    ],
    "snr_db_list": [
      20.0,
      0.0
    ],
    "seeds": [
      0
    ]
  },
  "results": [
    {
      "D": 512,
      "seed": 0,
      "snr_db": 20.0,
      "mean_power": 0.001950616514068269,
      "exact": {
        "cosine": 0.47715368572300865,
        "mse": 0.002042368520051241
      },
      "wiener": {
        "cosine": 0.47715368572300865,
        "mse": 0.002042368520051241
      }
    },
    {
      "D": 512,
      "seed": 0,
      "snr_db": 0.0,
      "mean_power": 0.001950616514068269,
      "exact": {
        "cosine": 0.10308442217300474,
        "mse": 0.003503576386719942
      },
      "wiener": {
        "cosine": 0.10308442217300474,
        "mse": 0.003503576386719942
      }
    }
  ]
}