{
  "env": {
    "numpy": "2.3.3"
  },
  "tiny_floor": {
    "float32:128": 1.3486991523486091e-06,
    "float32:256": 1.9073486328125e-06,
    "float32:1024": 3.814697265625e-06,
    "float64:128": 1e-12,
    "float64:256": 1e-12,
    "float64:1024": 1e-12
  },
  "unitary_roundtrip": {
    "float32:128": 1.43771899274725e-07,
    "float32:256": 1.1566552160502397e-07,
    "float32:1024": 1.483844869198947e-07,
    "float64:128": 3.3695856575821614e-16,
    "float64:256": 2.383123083151841e-16,
    "float64:1024": 2.836258846722319e-16
  },
  "role_norms": {
    "float32:128": 1.0,
    "float32:256": 1.0,
    "float32:1024": 1.0,
    "float64:128": 1.0,
    "float64:256": 1.0,
    "float64:1024": 0.9999999999999999
  },
  "bind_unbind": {
    "float32:128": 1.0,
    "float32:256": 1.0000001192092896,
    "float32:1024": 1.0,
    "float64:128": 1.0000000000000002,
    "float64:256": 1.0,
    "float64:1024": 1.0
  }
}
